concept_id,vendor,vendor_metric,phase_id,phase_name,metric_role,data_type,unit,polarity,definition_tr,counting_rule,scope,dependencies,source_urls,definition_status
HP.SB.gol,sportsbase_label,Gol,1_Organize_Hucum,Organize Hücum (Yerleşik oyun),reward,event_or_matchstats,Maç başına ortalama,higher_is_better,,,"{""phase_id"": ""1_Organize_Hucum"", ""phase_name"": ""Organize Hücum (Yerleşik oyun)""}",,,MISSING
HP.SB.pozisyonlar,sportsbase_label,Pozisyonlar,1_Organize_Hucum,Organize Hücum (Yerleşik oyun),intent,event_or_matchstats,Maç başına ortalama,higher_is_better,,,"{""phase_id"": ""1_Organize_Hucum"", ""phase_name"": ""Organize Hücum (Yerleşik oyun)""}",,,MISSING
HP.SB.chances_successful,sportsbase_label,"Chances successful, %",1_Organize_Hucum,Organize Hücum (Yerleşik oyun),skill,event_or_matchstats,Maç başına ortalama,higher_is_better,Yaratılan gol pozisyonlarının gole dönüşme oranı (tanım sağlayıcıya göre “big chance”/“chance” ayrımı olabilir).,,"{""phase_id"": ""1_Organize_Hucum"", ""phase_name"": ""Organize Hücum (Yerleşik oyun)""}",,https://support.hudl.com/s/article/event-data-glossary-team-metrics,OK
HP.SB.faul,sportsbase_label,Faul,4_Organize_Savunma,Organize Savunma (Yerleşik savunma + baskı),intent,event_or_matchstats,Maç başına ortalama,higher_is_better,,,"{""phase_id"": ""4_Organize_Savunma"", ""phase_name"": ""Organize Savunma (Yerleşik savunma + baskı)""}",,,MISSING
HP.SB.sari_kartlar,sportsbase_label,Sarı Kartlar,4_Organize_Savunma,Organize Savunma (Yerleşik savunma + baskı),risk,event_or_matchstats,Maç başına ortalama,higher_is_better,,,"{""phase_id"": ""4_Organize_Savunma"", ""phase_name"": ""Organize Savunma (Yerleşik savunma + baskı)""}",,,MISSING
HP.SB.kirmizi_kartlar,sportsbase_label,Kırmızı Kartlar,4_Organize_Savunma,Organize Savunma (Yerleşik savunma + baskı),risk,event_or_matchstats,Maç başına ortalama,higher_is_better,,,"{""phase_id"": ""4_Organize_Savunma"", ""phase_name"": ""Organize Savunma (Yerleşik savunma + baskı)""}",,,MISSING
HP.SB.kornerler,sportsbase_label,Kornerler,3_DuranTop_Hucum,Duran Top Hücumu,intent,event_or_matchstats,Maç başına ortalama,higher_is_better,,,"{""phase_id"": ""3_DuranTop_Hucum"", ""phase_name"": ""Duran Top Hücumu""}",,,MISSING
HP.SB.sut,sportsbase_label,Şut,1_Organize_Hucum,Organize Hücum (Yerleşik oyun),intent,event_or_matchstats,Maç başına ortalama,higher_is_better,,,"{""phase_id"": ""1_Organize_Hucum"", ""phase_name"": ""Organize Hücum (Yerleşik oyun)""}",,,MISSING
HP.SB.i_sabetli_sut,sportsbase_label,İsabetli Şut,1_Organize_Hucum,Organize Hücum (Yerleşik oyun),intent,event_or_matchstats,Maç başına ortalama,higher_is_better,,,"{""phase_id"": ""1_Organize_Hucum"", ""phase_name"": ""Organize Hücum (Yerleşik oyun)""}",,,MISSING
HP.SB.rakip_sahaya_girisler,sportsbase_label,Rakip sahaya girişler,1_Organize_Hucum,Organize Hücum (Yerleşik oyun),intent,event_or_matchstats,Maç başına ortalama,higher_is_better,,,"{""phase_id"": ""1_Organize_Hucum"", ""phase_name"": ""Organize Hücum (Yerleşik oyun)""}",,,MISSING
HP.SB.top_kayiplari,sportsbase_label,Top kayıpları,5_Savunma_Gecisi,Savunma Geçişi (Top kaybı sonrası),risk,event_or_matchstats,Maç başına ortalama,higher_is_better,,,"{""phase_id"": ""5_Savunma_Gecisi"", ""phase_name"": ""Savunma Geçişi (Top kaybı sonrası)""}",,,MISSING
HP.SB.top_kayiplari_kendi_yari_sahasinda,sportsbase_label,Top kayıpları / kendi yarı sahasında,5_Savunma_Gecisi,Savunma Geçişi (Top kaybı sonrası),risk,event_or_matchstats,Maç başına ortalama,higher_is_better,,,"{""phase_id"": ""5_Savunma_Gecisi"", ""phase_name"": ""Savunma Geçişi (Top kaybı sonrası)""}",,,MISSING
HP.SB.goal_kicks,sportsbase_label,Goal kicks,1_Organize_Hucum,Organize Hücum (Yerleşik oyun),intent,event_or_matchstats,Maç başına ortalama,higher_is_better,,,"{""phase_id"": ""1_Organize_Hucum"", ""phase_name"": ""Organize Hücum (Yerleşik oyun)""}",,,MISSING
HP.SB.goal_kicks_accurate,sportsbase_label,Goal kicks accurate,1_Organize_Hucum,Organize Hücum (Yerleşik oyun),skill,event_or_matchstats,Maç başına ortalama,higher_is_better,,,"{""phase_id"": ""1_Organize_Hucum"", ""phase_name"": ""Organize Hücum (Yerleşik oyun)""}",,,MISSING
HP.SB.goal_kicks_accurate,sportsbase_label,"Goal kicks accurate, %",1_Organize_Hucum,Organize Hücum (Yerleşik oyun),skill,event_or_matchstats,Maç başına ortalama,higher_is_better,,,"{""phase_id"": ""1_Organize_Hucum"", ""phase_name"": ""Organize Hücum (Yerleşik oyun)""}",,,MISSING
HP.SB.paslar,sportsbase_label,Paslar,1_Organize_Hucum,Organize Hücum (Yerleşik oyun),intent,event_or_matchstats,Maç başına ortalama,higher_is_better,,,"{""phase_id"": ""1_Organize_Hucum"", ""phase_name"": ""Organize Hücum (Yerleşik oyun)""}",,,MISSING
HP.SB.paslar_adresi_bulanlar,sportsbase_label,"Paslar adresi bulanlar, %",1_Organize_Hucum,Organize Hücum (Yerleşik oyun),skill,event_or_matchstats,Maç başına ortalama,higher_is_better,,,"{""phase_id"": ""1_Organize_Hucum"", ""phase_name"": ""Organize Hücum (Yerleşik oyun)""}",,,MISSING
HP.SB.kilit_pas,sportsbase_label,Kilit Pas,1_Organize_Hucum,Organize Hücum (Yerleşik oyun),intent,event_or_matchstats,Maç başına ortalama,higher_is_better,Şuta/çok net fırsata giden son pas (key pass). Sağlayıcı tanımına göre “şuta direkt giden pas” veya “bariz gol fırsatı yaratan pas”.,,"{""phase_id"": ""1_Organize_Hucum"", ""phase_name"": ""Organize Hücum (Yerleşik oyun)""}",,https://dataglossary.wyscout.com/key_pass/; https://stats-portal.statsbomb.com/glossary,OK
HP.SB.key_passes_accurate,sportsbase_label,Key passes accurate,1_Organize_Hucum,Organize Hücum (Yerleşik oyun),skill,event_or_matchstats,Maç başına ortalama,higher_is_better,Key pass’in (kilit pas) isabetli olanları: sonraki dokunuş takım arkadaşı tarafından gerçekleşen kilit pas.,,"{""phase_id"": ""1_Organize_Hucum"", ""phase_name"": ""Organize Hücum (Yerleşik oyun)""}",,https://dataglossary.wyscout.com/key_pass/,OK
HP.SB.key_passes_accurate,sportsbase_label,"Key passes accurate, %",1_Organize_Hucum,Organize Hücum (Yerleşik oyun),skill,event_or_matchstats,Maç başına ortalama,higher_is_better,Şutla sonuçlanan hücum aksiyonu öncesindeki pas (son pas).,,"{""phase_id"": ""1_Organize_Hucum"", ""phase_name"": ""Organize Hücum (Yerleşik oyun)""}",,,OK
HP.SB.orta,sportsbase_label,Orta,1_Organize_Hucum,Organize Hücum (Yerleşik oyun),intent,event_or_matchstats,Maç başına ortalama,higher_is_better,,,"{""phase_id"": ""1_Organize_Hucum"", ""phase_name"": ""Organize Hücum (Yerleşik oyun)""}",,,MISSING
HP.SB.i_sabetli_ortalar,sportsbase_label,"İsabetli ortalar, %",1_Organize_Hucum,Organize Hücum (Yerleşik oyun),skill,event_or_matchstats,Maç başına ortalama,higher_is_better,,,"{""phase_id"": ""1_Organize_Hucum"", ""phase_name"": ""Organize Hücum (Yerleşik oyun)""}",,,MISSING
HP.SB.progressive_passes,sportsbase_label,Progressive passes,1_Organize_Hucum,Organize Hücum (Yerleşik oyun),intent,event_or_matchstats,Maç başına ortalama,higher_is_better,Rakip kaleye anlamlı biçimde yaklaşmayı hedefleyen ileri/ilerletici pas sayısı (kriter sağlayan pas).,,"{""phase_id"": ""1_Organize_Hucum"", ""phase_name"": ""Organize Hücum (Yerleşik oyun)""}",,https://dataglossary.wyscout.com/progressive_pass/; https://theanalyst.com/articles/opta-football-stats-definitions,OK
HP.SB.progressive_passes_accurate,sportsbase_label,"Progressive passes accurate, %",1_Organize_Hucum,Organize Hücum (Yerleşik oyun),skill,event_or_matchstats,Maç başına ortalama,higher_is_better,Topu rakip kaleye anlamlı mesafede yaklaştıran pas (tanım eşiklere bağlıdır).,,"{""phase_id"": ""1_Organize_Hucum"", ""phase_name"": ""Organize Hücum (Yerleşik oyun)""}",,,OK
HP.SB.progressive_open_passes,sportsbase_label,Progressive open passes,1_Organize_Hucum,Organize Hücum (Yerleşik oyun),intent,event_or_matchstats,Maç başına ortalama,higher_is_better,Set-piece hariç (open play) oynanan progresif paslar. Progressive pass kriteri + open play filtresi.,,"{""phase_id"": ""1_Organize_Hucum"", ""phase_name"": ""Organize Hücum (Yerleşik oyun)""}",,https://sportsbase.world/; https://dataglossary.wyscout.com/progressive_pass/,OK
HP.SB.uzun_paslar,sportsbase_label,Uzun paslar,1_Organize_Hucum,Organize Hücum (Yerleşik oyun),intent,event_or_matchstats,Maç başına ortalama,higher_is_better,,,"{""phase_id"": ""1_Organize_Hucum"", ""phase_name"": ""Organize Hücum (Yerleşik oyun)""}",,,MISSING
HP.SB.uzun_paslar_isabetli,sportsbase_label,"Uzun paslar, isabetli, %",1_Organize_Hucum,Organize Hücum (Yerleşik oyun),skill,event_or_matchstats,Maç başına ortalama,higher_is_better,,,"{""phase_id"": ""1_Organize_Hucum"", ""phase_name"": ""Organize Hücum (Yerleşik oyun)""}",,,MISSING
HP.SB.super_long_passes,sportsbase_label,Super long passes,1_Organize_Hucum,Organize Hücum (Yerleşik oyun),intent,event_or_matchstats,Maç başına ortalama,higher_is_better,,,"{""phase_id"": ""1_Organize_Hucum"", ""phase_name"": ""Organize Hücum (Yerleşik oyun)""}",,,MISSING
HP.SB.super_long_passes_accurate,sportsbase_label,"Super long passes accurate, %",1_Organize_Hucum,Organize Hücum (Yerleşik oyun),skill,event_or_matchstats,Maç başına ortalama,higher_is_better,,,"{""phase_id"": ""1_Organize_Hucum"", ""phase_name"": ""Organize Hücum (Yerleşik oyun)""}",,,MISSING
HP.SB.ceza_sahasina_orta,sportsbase_label,Ceza sahasına orta,1_Organize_Hucum,Organize Hücum (Yerleşik oyun),intent,event_or_matchstats,Maç başına ortalama,higher_is_better,,,"{""phase_id"": ""1_Organize_Hucum"", ""phase_name"": ""Organize Hücum (Yerleşik oyun)""}",,,MISSING
HP.SB.passes_into_the_penalty_box_accurate,sportsbase_label,"Passes into the penalty box accurate, %",1_Organize_Hucum,Organize Hücum (Yerleşik oyun),skill,event_or_matchstats,Maç başına ortalama,higher_is_better,,,"{""phase_id"": ""1_Organize_Hucum"", ""phase_name"": ""Organize Hücum (Yerleşik oyun)""}",,,MISSING
HP.SB.i_kili_mucadeleler,sportsbase_label,İkili mücadeleler,1_Organize_Hucum,Organize Hücum (Yerleşik oyun),intent,event_or_matchstats,Maç başına ortalama,higher_is_better,,,"{""phase_id"": ""1_Organize_Hucum"", ""phase_name"": ""Organize Hücum (Yerleşik oyun)""}",,,MISSING
HP.SB.basarili_ikili_mucadele,sportsbase_label,Başarılı ikili mücadele %,1_Organize_Hucum,Organize Hücum (Yerleşik oyun),skill,event_or_matchstats,Maç başına ortalama,higher_is_better,,,"{""phase_id"": ""1_Organize_Hucum"", ""phase_name"": ""Organize Hücum (Yerleşik oyun)""}",,,MISSING
HP.SB.savunmada_ikili_mucadeleler,sportsbase_label,Savunmada ikili mücadeleler,1_Organize_Hucum,Organize Hücum (Yerleşik oyun),intent,event_or_matchstats,Maç başına ortalama,higher_is_better,,,"{""phase_id"": ""1_Organize_Hucum"", ""phase_name"": ""Organize Hücum (Yerleşik oyun)""}",,,MISSING
HP.SB.savunmada_kazanilan_ikili_mucadele,sportsbase_label,"Savunmada kazanılan ikili mücadele, %",1_Organize_Hucum,Organize Hücum (Yerleşik oyun),skill,event_or_matchstats,Maç başına ortalama,higher_is_better,,,"{""phase_id"": ""1_Organize_Hucum"", ""phase_name"": ""Organize Hücum (Yerleşik oyun)""}",,,MISSING
HP.SB.hucumda_ikili_mucadeleler,sportsbase_label,Hücumda ikili mücadeleler,1_Organize_Hucum,Organize Hücum (Yerleşik oyun),intent,event_or_matchstats,Maç başına ortalama,higher_is_better,,,"{""phase_id"": ""1_Organize_Hucum"", ""phase_name"": ""Organize Hücum (Yerleşik oyun)""}",,,MISSING
HP.SB.hucumda_basarili_ikili_mucadele,sportsbase_label,"Hücumda başarılı ikili mücadele, %",1_Organize_Hucum,Organize Hücum (Yerleşik oyun),skill,event_or_matchstats,Maç başına ortalama,higher_is_better,,,"{""phase_id"": ""1_Organize_Hucum"", ""phase_name"": ""Organize Hücum (Yerleşik oyun)""}",,,MISSING
HP.SB.havada_hamleler,sportsbase_label,Havada Hamleler,1_Organize_Hucum,Organize Hücum (Yerleşik oyun),intent,event_or_matchstats,Maç başına ortalama,higher_is_better,,,"{""phase_id"": ""1_Organize_Hucum"", ""phase_name"": ""Organize Hücum (Yerleşik oyun)""}",,,MISSING
HP.SB.basarili_hava_topu_mucadelesi,sportsbase_label,"Başarılı hava topu mücadelesi, %",1_Organize_Hucum,Organize Hücum (Yerleşik oyun),skill,event_or_matchstats,Maç başına ortalama,higher_is_better,,,"{""phase_id"": ""1_Organize_Hucum"", ""phase_name"": ""Organize Hücum (Yerleşik oyun)""}",,,MISSING
HP.SB.driplingler,sportsbase_label,Driplingler,1_Organize_Hucum,Organize Hücum (Yerleşik oyun),intent,event_or_matchstats,Maç başına ortalama,higher_is_better,,,"{""phase_id"": ""1_Organize_Hucum"", ""phase_name"": ""Organize Hücum (Yerleşik oyun)""}",,,MISSING
HP.SB.basarili_driplingleri,sportsbase_label,"Başarılı driplingleri, %",1_Organize_Hucum,Organize Hücum (Yerleşik oyun),skill,event_or_matchstats,Maç başına ortalama,higher_is_better,,,"{""phase_id"": ""1_Organize_Hucum"", ""phase_name"": ""Organize Hücum (Yerleşik oyun)""}",,,MISSING
HP.SB.dribbling_in_the_final_third,sportsbase_label,Dribbling in the final third,1_Organize_Hucum,Organize Hücum (Yerleşik oyun),intent,event_or_matchstats,Maç başına ortalama,higher_is_better,,,"{""phase_id"": ""1_Organize_Hucum"", ""phase_name"": ""Organize Hücum (Yerleşik oyun)""}",,,MISSING
HP.SB.dribbling_in_the_final_third_successful,sportsbase_label,"Dribbling in the final third successful, %",1_Organize_Hucum,Organize Hücum (Yerleşik oyun),skill,event_or_matchstats,Maç başına ortalama,higher_is_better,,,"{""phase_id"": ""1_Organize_Hucum"", ""phase_name"": ""Organize Hücum (Yerleşik oyun)""}",,,MISSING
HP.SB.top_kapma,sportsbase_label,Top Kapma,1_Organize_Hucum,Organize Hücum (Yerleşik oyun),success,event_or_matchstats,Maç başına ortalama,higher_is_better,,,"{""phase_id"": ""1_Organize_Hucum"", ""phase_name"": ""Organize Hücum (Yerleşik oyun)""}",,,MISSING
HP.SB.basarili_top_kapma,sportsbase_label,"Başarılı Top Kapma, %",1_Organize_Hucum,Organize Hücum (Yerleşik oyun),skill,event_or_matchstats,Maç başına ortalama,higher_is_better,,,"{""phase_id"": ""1_Organize_Hucum"", ""phase_name"": ""Organize Hücum (Yerleşik oyun)""}",,,MISSING
HP.SB.takim_presi,sportsbase_label,Takım presi,1_Organize_Hucum,Organize Hücum (Yerleşik oyun),intent,event_or_matchstats,Maç başına ortalama,higher_is_better,,,"{""phase_id"": ""1_Organize_Hucum"", ""phase_name"": ""Organize Hücum (Yerleşik oyun)""}",,,MISSING
HP.SB.team_pressing_successful,sportsbase_label,"Team pressing successful, %",4_Organize_Savunma,Organize Savunma (Yerleşik savunma + baskı),skill,event_or_matchstats,Maç başına ortalama,higher_is_better,,,"{""phase_id"": ""4_Organize_Savunma"", ""phase_name"": ""Organize Savunma (Yerleşik savunma + baskı)""}",,,MISSING
HP.SB.topla_oynama,sportsbase_label,"Topla oynama, %",1_Organize_Hucum,Organize Hücum (Yerleşik oyun),skill,event_or_matchstats,Maç başına ortalama,higher_is_better,,,"{""phase_id"": ""1_Organize_Hucum"", ""phase_name"": ""Organize Hücum (Yerleşik oyun)""}",,,MISSING
HP.SB.own_goals,sportsbase_label,Own goals,1_Organize_Hucum,Organize Hücum (Yerleşik oyun),reward,event_or_matchstats,Maç başına ortalama,higher_is_better,,,"{""phase_id"": ""1_Organize_Hucum"", ""phase_name"": ""Organize Hücum (Yerleşik oyun)""}",,,MISSING
HP.SB.gol_pozisyonlari_basarili,sportsbase_label,"Gol pozisyonları, başarılı",1_Organize_Hucum,Organize Hücum (Yerleşik oyun),reward,event_or_matchstats,Maç başına ortalama,higher_is_better,,,"{""phase_id"": ""1_Organize_Hucum"", ""phase_name"": ""Organize Hücum (Yerleşik oyun)""}",,,MISSING
HP.SB.shots_on_target,sportsbase_label,"Shots on target, %",1_Organize_Hucum,Organize Hücum (Yerleşik oyun),skill,event_or_matchstats,Maç başına ortalama,higher_is_better,Şut girişimi; kaleyi bulan/bulmayan ve konum/kalite kırılımlarıyla alt ayrımlanabilir.,,"{""phase_id"": ""1_Organize_Hucum"", ""phase_name"": ""Organize Hücum (Yerleşik oyun)""}",,,OK
HP.SB.i_sabetsiz_sutlar,sportsbase_label,İsabetsiz Şutlar,1_Organize_Hucum,Organize Hücum (Yerleşik oyun),intent,event_or_matchstats,Maç başına ortalama,higher_is_better,,,"{""phase_id"": ""1_Organize_Hucum"", ""phase_name"": ""Organize Hücum (Yerleşik oyun)""}",,,MISSING
HP.SB.engellenen_sutlar,sportsbase_label,Engellenen Şutlar,1_Organize_Hucum,Organize Hücum (Yerleşik oyun),intent,event_or_matchstats,Maç başına ortalama,higher_is_better,,,"{""phase_id"": ""1_Organize_Hucum"", ""phase_name"": ""Organize Hücum (Yerleşik oyun)""}",,,MISSING
HP.SB.direkten_donen_sutlar,sportsbase_label,Direkten dönen şutlar,1_Organize_Hucum,Organize Hücum (Yerleşik oyun),intent,event_or_matchstats,Maç başına ortalama,higher_is_better,,,"{""phase_id"": ""1_Organize_Hucum"", ""phase_name"": ""Organize Hücum (Yerleşik oyun)""}",,,MISSING
HP.SB.tum_hareketler,sportsbase_label,Tüm Hareketler,1_Organize_Hucum,Organize Hücum (Yerleşik oyun),intent,event_or_matchstats,Maç başına ortalama,higher_is_better,,,"{""phase_id"": ""1_Organize_Hucum"", ""phase_name"": ""Organize Hücum (Yerleşik oyun)""}",,,MISSING
HP.SB.actions_successful,sportsbase_label,Actions successful,1_Organize_Hucum,Organize Hücum (Yerleşik oyun),intent,event_or_matchstats,Maç başına ortalama,higher_is_better,,,"{""phase_id"": ""1_Organize_Hucum"", ""phase_name"": ""Organize Hücum (Yerleşik oyun)""}",,,MISSING
HP.SB.actions_successful,sportsbase_label,"Actions successful, %",1_Organize_Hucum,Organize Hücum (Yerleşik oyun),skill,event_or_matchstats,Maç başına ortalama,higher_is_better,,,"{""phase_id"": ""1_Organize_Hucum"", ""phase_name"": ""Organize Hücum (Yerleşik oyun)""}",,,MISSING
HP.SB.rakip_ceza_sahasinda_hareketler,sportsbase_label,Rakip ceza sahasında hareketler,1_Organize_Hucum,Organize Hücum (Yerleşik oyun),intent,event_or_matchstats,Maç başına ortalama,higher_is_better,,,"{""phase_id"": ""1_Organize_Hucum"", ""phase_name"": ""Organize Hücum (Yerleşik oyun)""}",,,MISSING
HP.SB.actions_in_opponent_box_successful,sportsbase_label,Actions in opponent box successful,1_Organize_Hucum,Organize Hücum (Yerleşik oyun),intent,event_or_matchstats,Maç başına ortalama,higher_is_better,,,"{""phase_id"": ""1_Organize_Hucum"", ""phase_name"": ""Organize Hücum (Yerleşik oyun)""}",,,MISSING
HP.SB.actions_in_opponent_box_successful,sportsbase_label,"Actions in opponent box successful, %",1_Organize_Hucum,Organize Hücum (Yerleşik oyun),skill,event_or_matchstats,Maç başına ortalama,higher_is_better,,,"{""phase_id"": ""1_Organize_Hucum"", ""phase_name"": ""Organize Hücum (Yerleşik oyun)""}",,,MISSING
HP.SB.final_third_entries,sportsbase_label,Final third entries,1_Organize_Hucum,Organize Hücum (Yerleşik oyun),intent,event_or_matchstats,Maç başına ortalama,higher_is_better,"Hücumun rakip kaleye yaklaşırken son üçlü bölgeye hangi koridorlardan giriş yaptığını gösteren giriş sayısı (pas/taşıma dahil olabilir, sağlayıcıya göre değişir).",,"{""phase_id"": ""1_Organize_Hucum"", ""phase_name"": ""Organize Hücum (Yerleşik oyun)""}",,https://www.fifatrainingcentre.com/en/game/tournaments/fifa-womens-world-cup/2023/efi-metrics/final-third-entries.php,OK
HP.SB.final_third_entries_through_pass,sportsbase_label,Final third entries through pass,1_Organize_Hucum,Organize Hücum (Yerleşik oyun),intent,event_or_matchstats,Maç başına ortalama,higher_is_better,Topun pas veya taşıma ile son üçlü bölgeye giriş sayısı.,,"{""phase_id"": ""1_Organize_Hucum"", ""phase_name"": ""Organize Hücum (Yerleşik oyun)""}",,,OK
HP.SB.final_third_entries_through_pass_of_total,sportsbase_label,"Final third entries through pass, % of total",1_Organize_Hucum,Organize Hücum (Yerleşik oyun),skill,event_or_matchstats,Maç başına ortalama,higher_is_better,Topun pas veya taşıma ile son üçlü bölgeye giriş sayısı.,,"{""phase_id"": ""1_Organize_Hucum"", ""phase_name"": ""Organize Hücum (Yerleşik oyun)""}",,,OK
HP.SB.final_third_entries_through_carry,sportsbase_label,Final third entries through carry,1_Organize_Hucum,Organize Hücum (Yerleşik oyun),intent,event_or_matchstats,Maç başına ortalama,higher_is_better,Topun pas veya taşıma ile son üçlü bölgeye giriş sayısı.,,"{""phase_id"": ""1_Organize_Hucum"", ""phase_name"": ""Organize Hücum (Yerleşik oyun)""}",,,OK
HP.SB.final_third_entries_through_carry_of_total,sportsbase_label,"Final third entries through carry, % of total",1_Organize_Hucum,Organize Hücum (Yerleşik oyun),skill,event_or_matchstats,Maç başına ortalama,higher_is_better,Topun pas veya taşıma ile son üçlü bölgeye giriş sayısı.,,"{""phase_id"": ""1_Organize_Hucum"", ""phase_name"": ""Organize Hücum (Yerleşik oyun)""}",,,OK
HP.SB.lost_balls_after_passes,sportsbase_label,Lost balls after passes,1_Organize_Hucum,Organize Hücum (Yerleşik oyun),intent,event_or_matchstats,Maç başına ortalama,higher_is_better,,,"{""phase_id"": ""1_Organize_Hucum"", ""phase_name"": ""Organize Hücum (Yerleşik oyun)""}",,,MISSING
HP.SB.bireysel_top_kayiplari,sportsbase_label,Bireysel top kayıpları,5_Savunma_Gecisi,Savunma Geçişi (Top kaybı sonrası),risk,event_or_matchstats,Maç başına ortalama,higher_is_better,,,"{""phase_id"": ""5_Savunma_Gecisi"", ""phase_name"": ""Savunma Geçişi (Top kaybı sonrası)""}",,,MISSING
HP.SB.challenges_unsuccessful,sportsbase_label,Challenges unsuccessful,1_Organize_Hucum,Organize Hücum (Yerleşik oyun),intent,event_or_matchstats,Maç başına ortalama,higher_is_better,,,"{""phase_id"": ""1_Organize_Hucum"", ""phase_name"": ""Organize Hücum (Yerleşik oyun)""}",,,MISSING
HP.SB.dribbles_unsuccessful,sportsbase_label,Dribbles unsuccessful,1_Organize_Hucum,Organize Hücum (Yerleşik oyun),intent,event_or_matchstats,Maç başına ortalama,higher_is_better,,,"{""phase_id"": ""1_Organize_Hucum"", ""phase_name"": ""Organize Hücum (Yerleşik oyun)""}",,,MISSING
HP.SB.rakip_ceza_sahasina_girisler,sportsbase_label,Rakip ceza sahasına girişler,1_Organize_Hucum,Organize Hücum (Yerleşik oyun),intent,event_or_matchstats,Maç başına ortalama,higher_is_better,,,"{""phase_id"": ""1_Organize_Hucum"", ""phase_name"": ""Organize Hücum (Yerleşik oyun)""}",,,MISSING
HP.SB.kotu_top_kontrolu,sportsbase_label,Kötü top kontrolü,1_Organize_Hucum,Organize Hücum (Yerleşik oyun),intent,event_or_matchstats,Maç başına ortalama,higher_is_better,,,"{""phase_id"": ""1_Organize_Hucum"", ""phase_name"": ""Organize Hücum (Yerleşik oyun)""}",,,MISSING
HP.SB.ofsaytlar,sportsbase_label,Ofsaytlar,1_Organize_Hucum,Organize Hücum (Yerleşik oyun),intent,event_or_matchstats,Maç başına ortalama,higher_is_better,,,"{""phase_id"": ""1_Organize_Hucum"", ""phase_name"": ""Organize Hücum (Yerleşik oyun)""}",,,MISSING
HP.SB.ball_recoveries,sportsbase_label,Ball recoveries,1_Organize_Hucum,Organize Hücum (Yerleşik oyun),success,event_or_matchstats,Maç başına ortalama,higher_is_better,,,"{""phase_id"": ""1_Organize_Hucum"", ""phase_name"": ""Organize Hücum (Yerleşik oyun)""}",,,MISSING
HP.SB.rakip_sahada_geri_kazanilan_toplar,sportsbase_label,Rakip sahada geri kazanılan toplar,1_Organize_Hucum,Organize Hücum (Yerleşik oyun),success,event_or_matchstats,Maç başına ortalama,higher_is_better,Topun rakip yarı sahasında geri kazanıldığı (yüksek kazanım) aksiyon sayısı; presin ‘ödül’ kısmı.,,"{""phase_id"": ""1_Organize_Hucum"", ""phase_name"": ""Organize Hücum (Yerleşik oyun)""}",,https://support.hudl.com/s/article/football-glossary-faqs,OK
HP.SB.ball_recoveries_after_losses_within_10_seconds,sportsbase_label,Ball recoveries after losses within 10 seconds,5_Savunma_Gecisi,Savunma Geçişi (Top kaybı sonrası),success,event_or_matchstats,Maç başına ortalama,lower_is_better,,,"{""phase_id"": ""5_Savunma_Gecisi"", ""phase_name"": ""Savunma Geçişi (Top kaybı sonrası)""}",,,MISSING
HP.SB.ball_recoveries_after_losses_within_10_seconds_in_the_opponent_s_half_of_the_field,sportsbase_label,Ball recoveries after losses within 10 seconds in the opponent's half of the field,5_Savunma_Gecisi,Savunma Geçişi (Top kaybı sonrası),success,event_or_matchstats,Maç başına ortalama,lower_is_better,,,"{""phase_id"": ""5_Savunma_Gecisi"", ""phase_name"": ""Savunma Geçişi (Top kaybı sonrası)""}",,,MISSING
HP.SB.ball_recoveries_after_losses_within_5_seconds,sportsbase_label,Ball recoveries after losses within 5 seconds,5_Savunma_Gecisi,Savunma Geçişi (Top kaybı sonrası),success,event_or_matchstats,Maç başına ortalama,lower_is_better,Top kaybından sonra 5 saniye içinde topu geri kazanma (counterpressing recovery mantığı).,,"{""phase_id"": ""5_Savunma_Gecisi"", ""phase_name"": ""Savunma Geçişi (Top kaybı sonrası)""}",,https://dataglossary.wyscout.com/counterpressing_recovery/; https://dataglossary.wyscout.com/recovery/,OK
HP.SB.ball_recoveries_after_losses_within_5_seconds_in_the_opponent_s_half_of_the_field,sportsbase_label,Ball recoveries after losses within 5 seconds in the opponent's half of the field,5_Savunma_Gecisi,Savunma Geçişi (Top kaybı sonrası),success,event_or_matchstats,Maç başına ortalama,lower_is_better,,,"{""phase_id"": ""5_Savunma_Gecisi"", ""phase_name"": ""Savunma Geçişi (Top kaybı sonrası)""}",,,MISSING
HP.SB.geri_kazanilan_toplarda_kaleye_ortalama_mesafe,sportsbase_label,Geri kazanılan toplarda kaleye ortalama mesafe,1_Organize_Hucum,Organize Hücum (Yerleşik oyun),success,event_or_matchstats,Maç başına ortalama,higher_is_better,,,"{""phase_id"": ""1_Organize_Hucum"", ""phase_name"": ""Organize Hücum (Yerleşik oyun)""}",,,MISSING
HP.SB.top_kayiplarinda_kaleye_ortalama_mesafe,sportsbase_label,Top kayıplarında kaleye ortalama mesafe,5_Savunma_Gecisi,Savunma Geçişi (Top kaybı sonrası),risk,event_or_matchstats,Maç başına ortalama,higher_is_better,,,"{""phase_id"": ""5_Savunma_Gecisi"", ""phase_name"": ""Savunma Geçişi (Top kaybı sonrası)""}",,,MISSING
HP.SB.paslar_adresi_bulanlar,sportsbase_label,Paslar adresi bulanlar,1_Organize_Hucum,Organize Hücum (Yerleşik oyun),intent,event_or_matchstats,Maç başına ortalama,higher_is_better,,,"{""phase_id"": ""1_Organize_Hucum"", ""phase_name"": ""Organize Hücum (Yerleşik oyun)""}",,,MISSING
HP.SB.crosses_accurate,sportsbase_label,Crosses accurate,1_Organize_Hucum,Organize Hücum (Yerleşik oyun),skill,event_or_matchstats,Maç başına ortalama,higher_is_better,,,"{""phase_id"": ""1_Organize_Hucum"", ""phase_name"": ""Organize Hücum (Yerleşik oyun)""}",,,MISSING
HP.SB.progressive_passes_accurate,sportsbase_label,Progressive passes accurate,1_Organize_Hucum,Organize Hücum (Yerleşik oyun),skill,event_or_matchstats,Maç başına ortalama,higher_is_better,Topu rakip kaleye anlamlı mesafede yaklaştıran pas (tanım eşiklere bağlıdır).,,"{""phase_id"": ""1_Organize_Hucum"", ""phase_name"": ""Organize Hücum (Yerleşik oyun)""}",,,OK
HP.SB.uzun_paslar_isabetli,sportsbase_label,Uzun paslar - isabetli,1_Organize_Hucum,Organize Hücum (Yerleşik oyun),skill,event_or_matchstats,Maç başına ortalama,higher_is_better,,,"{""phase_id"": ""1_Organize_Hucum"", ""phase_name"": ""Organize Hücum (Yerleşik oyun)""}",,,MISSING
HP.SB.super_long_passes_accurate,sportsbase_label,Super long passes accurate,1_Organize_Hucum,Organize Hücum (Yerleşik oyun),skill,event_or_matchstats,Maç başına ortalama,higher_is_better,,,"{""phase_id"": ""1_Organize_Hucum"", ""phase_name"": ""Organize Hücum (Yerleşik oyun)""}",,,MISSING
HP.SB.i_leriye_pas,sportsbase_label,İleriye pas,1_Organize_Hucum,Organize Hücum (Yerleşik oyun),intent,event_or_matchstats,Maç başına ortalama,higher_is_better,,,"{""phase_id"": ""1_Organize_Hucum"", ""phase_name"": ""Organize Hücum (Yerleşik oyun)""}",,,MISSING
HP.SB.passes_forward_accurate,sportsbase_label,Passes forward accurate,1_Organize_Hucum,Organize Hücum (Yerleşik oyun),skill,event_or_matchstats,Maç başına ortalama,higher_is_better,,,"{""phase_id"": ""1_Organize_Hucum"", ""phase_name"": ""Organize Hücum (Yerleşik oyun)""}",,,MISSING
HP.SB.passes_forward_accurate,sportsbase_label,"Passes forward accurate, %",1_Organize_Hucum,Organize Hücum (Yerleşik oyun),skill,event_or_matchstats,Maç başına ortalama,higher_is_better,,,"{""phase_id"": ""1_Organize_Hucum"", ""phase_name"": ""Organize Hücum (Yerleşik oyun)""}",,,MISSING
HP.SB.ceza_sahasina_i_sabetli,sportsbase_label,Ceza sahasına / İsabetli,1_Organize_Hucum,Organize Hücum (Yerleşik oyun),intent,event_or_matchstats,Maç başına ortalama,higher_is_better,,,"{""phase_id"": ""1_Organize_Hucum"", ""phase_name"": ""Organize Hücum (Yerleşik oyun)""}",,,MISSING
HP.SB.passes_from_throw_ins,sportsbase_label,Passes from throw-ins,3_DuranTop_Hucum,Duran Top Hücumu,intent,event_or_matchstats,Maç başına ortalama,higher_is_better,,,"{""phase_id"": ""3_DuranTop_Hucum"", ""phase_name"": ""Duran Top Hücumu""}",,,MISSING
HP.SB.challenges_won,sportsbase_label,Challenges won,1_Organize_Hucum,Organize Hücum (Yerleşik oyun),intent,event_or_matchstats,Maç başına ortalama,higher_is_better,,,"{""phase_id"": ""1_Organize_Hucum"", ""phase_name"": ""Organize Hücum (Yerleşik oyun)""}",,,MISSING
HP.SB.savunmada_basarili_ikili_mucadeleler,sportsbase_label,Savunmada başarılı ikili mücadeleler,1_Organize_Hucum,Organize Hücum (Yerleşik oyun),intent,event_or_matchstats,Maç başına ortalama,higher_is_better,,,"{""phase_id"": ""1_Organize_Hucum"", ""phase_name"": ""Organize Hücum (Yerleşik oyun)""}",,,MISSING
HP.SB.hucumda_ikili_mucadele_basarili,sportsbase_label,Hücumda ikili mücadele / Başarılı,1_Organize_Hucum,Organize Hücum (Yerleşik oyun),intent,event_or_matchstats,Maç başına ortalama,higher_is_better,,,"{""phase_id"": ""1_Organize_Hucum"", ""phase_name"": ""Organize Hücum (Yerleşik oyun)""}",,,MISSING
HP.SB.basarili_hava_topu_mucadeleleri,sportsbase_label,Başarılı hava topu mücadeleleri,1_Organize_Hucum,Organize Hücum (Yerleşik oyun),intent,event_or_matchstats,Maç başına ortalama,higher_is_better,,,"{""phase_id"": ""1_Organize_Hucum"", ""phase_name"": ""Organize Hücum (Yerleşik oyun)""}",,,MISSING
HP.SB.basarili_driplingler,sportsbase_label,Başarılı driplingler,1_Organize_Hucum,Organize Hücum (Yerleşik oyun),intent,event_or_matchstats,Maç başına ortalama,higher_is_better,,,"{""phase_id"": ""1_Organize_Hucum"", ""phase_name"": ""Organize Hücum (Yerleşik oyun)""}",,,MISSING
HP.SB.dribbling_in_the_final_third_successful,sportsbase_label,Dribbling in the final third successful,1_Organize_Hucum,Organize Hücum (Yerleşik oyun),intent,event_or_matchstats,Maç başına ortalama,higher_is_better,,,"{""phase_id"": ""1_Organize_Hucum"", ""phase_name"": ""Organize Hücum (Yerleşik oyun)""}",,,MISSING
HP.SB.basarili_top_kapma,sportsbase_label,Başarılı Top Kapma,1_Organize_Hucum,Organize Hücum (Yerleşik oyun),success,event_or_matchstats,Maç başına ortalama,higher_is_better,,,"{""phase_id"": ""1_Organize_Hucum"", ""phase_name"": ""Organize Hücum (Yerleşik oyun)""}",,,MISSING
HP.SB.pas_arasi,sportsbase_label,Pas Arası,1_Organize_Hucum,Organize Hücum (Yerleşik oyun),intent,event_or_matchstats,Maç başına ortalama,higher_is_better,,,"{""phase_id"": ""1_Organize_Hucum"", ""phase_name"": ""Organize Hücum (Yerleşik oyun)""}",,,MISSING
HP.SB.sahipsiz_top_kapma,sportsbase_label,Sahipsiz top kapma,1_Organize_Hucum,Organize Hücum (Yerleşik oyun),success,event_or_matchstats,Maç başına ortalama,higher_is_better,,,"{""phase_id"": ""1_Organize_Hucum"", ""phase_name"": ""Organize Hücum (Yerleşik oyun)""}",,,MISSING
HP.SB.xg,sportsbase_label,xG,1_Organize_Hucum,Organize Hücum (Yerleşik oyun),reward,event_or_matchstats,Maç başına ortalama,higher_is_better,Şutun gol olma olasılığına dayalı beklenen gol değeri. Model bağımlıdır.,,"{""phase_id"": ""1_Organize_Hucum"", ""phase_name"": ""Organize Hücum (Yerleşik oyun)""}",,,OK
HP.SB.oxg,sportsbase_label,OxG,1_Organize_Hucum,Organize Hücum (Yerleşik oyun),reward,event_or_matchstats,Maç başına ortalama,higher_is_better,Şutun gol olma olasılığına dayalı beklenen gol değeri. Model bağımlıdır.,,"{""phase_id"": ""1_Organize_Hucum"", ""phase_name"": ""Organize Hücum (Yerleşik oyun)""}",,,OK
HP.SB.nxg,sportsbase_label,NxG,1_Organize_Hucum,Organize Hücum (Yerleşik oyun),reward,event_or_matchstats,Maç başına ortalama,higher_is_better,Şutun gol olma olasılığına dayalı beklenen gol değeri. Model bağımlıdır.,,"{""phase_id"": ""1_Organize_Hucum"", ""phase_name"": ""Organize Hücum (Yerleşik oyun)""}",,,OK
HP.SB.xpoints,sportsbase_label,xPoints,1_Organize_Hucum,Organize Hücum (Yerleşik oyun),reward,event_or_matchstats,Maç başına ortalama,higher_is_better,,,"{""phase_id"": ""1_Organize_Hucum"", ""phase_name"": ""Organize Hücum (Yerleşik oyun)""}",,,MISSING
HP.SB.xg_donusturme,sportsbase_label,xG dönüştürme,1_Organize_Hucum,Organize Hücum (Yerleşik oyun),reward,event_or_matchstats,Maç başına ortalama,higher_is_better,Şutun gol olma olasılığına dayalı beklenen gol değeri. Model bağımlıdır.,,"{""phase_id"": ""1_Organize_Hucum"", ""phase_name"": ""Organize Hücum (Yerleşik oyun)""}",,,OK
HP.SB.sut_basina_xg,sportsbase_label,Şut başına xG,1_Organize_Hucum,Organize Hücum (Yerleşik oyun),reward,event_or_matchstats,Maç başına ortalama,higher_is_better,Şut başına üretilen beklenen gol: şut kalitesinin pratik göstergesi (xG / Shot).,,"{""phase_id"": ""1_Organize_Hucum"", ""phase_name"": ""Organize Hücum (Yerleşik oyun)""}",,https://github.com/statsbomb/open-data,OK
HP.SB.oxgps,sportsbase_label,OxGPS,1_Organize_Hucum,Organize Hücum (Yerleşik oyun),reward,event_or_matchstats,Maç başına ortalama,higher_is_better,Şutun gol olma olasılığına dayalı beklenen gol değeri. Model bağımlıdır.,,"{""phase_id"": ""1_Organize_Hucum"", ""phase_name"": ""Organize Hücum (Yerleşik oyun)""}",,,OK
HP.SB.gol_basina_xg,sportsbase_label,Gol başına xG,1_Organize_Hucum,Organize Hücum (Yerleşik oyun),reward,event_or_matchstats,Maç başına ortalama,higher_is_better,Şutun gol olma olasılığına dayalı beklenen gol değeri. Model bağımlıdır.,,"{""phase_id"": ""1_Organize_Hucum"", ""phase_name"": ""Organize Hücum (Yerleşik oyun)""}",,,OK
HP.SB.oxgpg,sportsbase_label,OxGPG,1_Organize_Hucum,Organize Hücum (Yerleşik oyun),reward,event_or_matchstats,Maç başına ortalama,higher_is_better,Şutun gol olma olasılığına dayalı beklenen gol değeri. Model bağımlıdır.,,"{""phase_id"": ""1_Organize_Hucum"", ""phase_name"": ""Organize Hücum (Yerleşik oyun)""}",,,OK
HP.SB.basarili_takim_presi,sportsbase_label,Başarılı takım presi,1_Organize_Hucum,Organize Hücum (Yerleşik oyun),intent,event_or_matchstats,Maç başına ortalama,higher_is_better,,,"{""phase_id"": ""1_Organize_Hucum"", ""phase_name"": ""Organize Hücum (Yerleşik oyun)""}",,,MISSING
HP.SB.ppda,sportsbase_label,PPDA,4_Organize_Savunma,Organize Savunma (Yerleşik savunma + baskı),success,event_or_matchstats,Maç başına ortalama,lower_is_better,"Rakibe (genelde rakibin final 60%’ında) kaç pas yaptırdığını, bir savunma aksiyonu (tackle/interception/foul vb.) başına ölçer. Düşük PPDA = daha yoğun pres.",,"{""phase_id"": ""4_Organize_Savunma"", ""phase_name"": ""Organize Savunma (Yerleşik savunma + baskı)""}",,https://support.hudl.com/s/article/passes-defensive-action; https://dataglossary.wyscout.com/metrics/,OK
HP.SB.build_up,sportsbase_label,Build up,1_Organize_Hucum,Organize Hücum (Yerleşik oyun),intent,event_or_matchstats,Maç başına ortalama,higher_is_better,,,"{""phase_id"": ""1_Organize_Hucum"", ""phase_name"": ""Organize Hücum (Yerleşik oyun)""}",,,MISSING
HP.SB.no_pressing,sportsbase_label,No pressing,4_Organize_Savunma,Organize Savunma (Yerleşik savunma + baskı),success,event_or_matchstats,Maç başına ortalama,higher_is_better,,,"{""phase_id"": ""4_Organize_Savunma"", ""phase_name"": ""Organize Savunma (Yerleşik savunma + baskı)""}",,,MISSING
HP.SB.high_pressing,sportsbase_label,High pressing,4_Organize_Savunma,Organize Savunma (Yerleşik savunma + baskı),success,event_or_matchstats,Maç başına ortalama,higher_is_better,,,"{""phase_id"": ""4_Organize_Savunma"", ""phase_name"": ""Organize Savunma (Yerleşik savunma + baskı)""}",,,MISSING
HP.SB.high_pressing_successful,sportsbase_label,High pressing successful,4_Organize_Savunma,Organize Savunma (Yerleşik savunma + baskı),success,event_or_matchstats,Maç başına ortalama,higher_is_better,,,"{""phase_id"": ""4_Organize_Savunma"", ""phase_name"": ""Organize Savunma (Yerleşik savunma + baskı)""}",,,MISSING
HP.SB.high_pressing_successful,sportsbase_label,"High pressing successful, %",4_Organize_Savunma,Organize Savunma (Yerleşik savunma + baskı),skill,event_or_matchstats,Maç başına ortalama,higher_is_better,,,"{""phase_id"": ""4_Organize_Savunma"", ""phase_name"": ""Organize Savunma (Yerleşik savunma + baskı)""}",,,MISSING
HP.SB.low_pressing,sportsbase_label,Low pressing,4_Organize_Savunma,Organize Savunma (Yerleşik savunma + baskı),success,event_or_matchstats,Maç başına ortalama,higher_is_better,,,"{""phase_id"": ""4_Organize_Savunma"", ""phase_name"": ""Organize Savunma (Yerleşik savunma + baskı)""}",,,MISSING
HP.SB.low_pressing_successful,sportsbase_label,Low pressing successful,4_Organize_Savunma,Organize Savunma (Yerleşik savunma + baskı),success,event_or_matchstats,Maç başına ortalama,higher_is_better,,,"{""phase_id"": ""4_Organize_Savunma"", ""phase_name"": ""Organize Savunma (Yerleşik savunma + baskı)""}",,,MISSING
HP.SB.low_pressing_successful,sportsbase_label,"Low pressing successful, %",4_Organize_Savunma,Organize Savunma (Yerleşik savunma + baskı),skill,event_or_matchstats,Maç başına ortalama,higher_is_better,,,"{""phase_id"": ""4_Organize_Savunma"", ""phase_name"": ""Organize Savunma (Yerleşik savunma + baskı)""}",,,MISSING
HP.SB.topla_oynama_dakika,sportsbase_label,"Topla oynama, dakika",1_Organize_Hucum,Organize Hücum (Yerleşik oyun),intent,event_or_matchstats,Maç başına ortalama,higher_is_better,,,"{""phase_id"": ""1_Organize_Hucum"", ""phase_name"": ""Organize Hücum (Yerleşik oyun)""}",,,MISSING
HP.SB.topla_oynama_sayi,sportsbase_label,"Topla oynama, sayı",1_Organize_Hucum,Organize Hücum (Yerleşik oyun),intent,event_or_matchstats,Maç başına ortalama,higher_is_better,,,"{""phase_id"": ""1_Organize_Hucum"", ""phase_name"": ""Organize Hücum (Yerleşik oyun)""}",,,MISSING
HP.SB.ortalama_topla_oynama_suresi,sportsbase_label,Ortalama topla oynama süresi,1_Organize_Hucum,Organize Hücum (Yerleşik oyun),intent,event_or_matchstats,Maç başına ortalama,higher_is_better,,,"{""phase_id"": ""1_Organize_Hucum"", ""phase_name"": ""Organize Hücum (Yerleşik oyun)""}",,,MISSING
HP.SB.sol_kanat_hucumlarinin_tamami,sportsbase_label,Sol kanat hücumlarının tamamı,1_Organize_Hucum,Organize Hücum (Yerleşik oyun),intent,event_or_matchstats,Maç başına ortalama,higher_is_better,,,"{""phase_id"": ""1_Organize_Hucum"", ""phase_name"": ""Organize Hücum (Yerleşik oyun)""}",,,MISSING
HP.SB.sutla_biten_sol_kanat_hucumlari,sportsbase_label,Şutla biten sol kanat hücumları,1_Organize_Hucum,Organize Hücum (Yerleşik oyun),intent,event_or_matchstats,Maç başına ortalama,higher_is_better,,,"{""phase_id"": ""1_Organize_Hucum"", ""phase_name"": ""Organize Hücum (Yerleşik oyun)""}",,,MISSING
HP.SB.left_flank_attacks_with_shots,sportsbase_label,"Left flank attacks with shots, %",1_Organize_Hucum,Organize Hücum (Yerleşik oyun),skill,event_or_matchstats,Maç başına ortalama,higher_is_better,Şut girişimi; kaleyi bulan/bulmayan ve konum/kalite kırılımlarıyla alt ayrımlanabilir.,,"{""phase_id"": ""1_Organize_Hucum"", ""phase_name"": ""Organize Hücum (Yerleşik oyun)""}",,,OK
HP.SB.merkezden_hucumlar,sportsbase_label,Merkezden hücumlar,1_Organize_Hucum,Organize Hücum (Yerleşik oyun),intent,event_or_matchstats,Maç başına ortalama,higher_is_better,,,"{""phase_id"": ""1_Organize_Hucum"", ""phase_name"": ""Organize Hücum (Yerleşik oyun)""}",,,MISSING
HP.SB.sutla_biten_hucumlar_merkez,sportsbase_label,Şutla biten hücumlar - merkez,1_Organize_Hucum,Organize Hücum (Yerleşik oyun),intent,event_or_matchstats,Maç başına ortalama,higher_is_better,,,"{""phase_id"": ""1_Organize_Hucum"", ""phase_name"": ""Organize Hücum (Yerleşik oyun)""}",,,MISSING
HP.SB.attacks_through_the_center_with_shots,sportsbase_label,"Attacks through the center with shots, %",1_Organize_Hucum,Organize Hücum (Yerleşik oyun),skill,event_or_matchstats,Maç başına ortalama,higher_is_better,Şut girişimi; kaleyi bulan/bulmayan ve konum/kalite kırılımlarıyla alt ayrımlanabilir.,,"{""phase_id"": ""1_Organize_Hucum"", ""phase_name"": ""Organize Hücum (Yerleşik oyun)""}",,,OK
HP.SB.sag_kanat_hucumlari,sportsbase_label,Sağ kanat hücumları,1_Organize_Hucum,Organize Hücum (Yerleşik oyun),intent,event_or_matchstats,Maç başına ortalama,higher_is_better,,,"{""phase_id"": ""1_Organize_Hucum"", ""phase_name"": ""Organize Hücum (Yerleşik oyun)""}",,,MISSING
HP.SB.sutla_biten_sag_kanat_hucumlari,sportsbase_label,Şutla biten sağ kanat hücumları,1_Organize_Hucum,Organize Hücum (Yerleşik oyun),intent,event_or_matchstats,Maç başına ortalama,higher_is_better,,,"{""phase_id"": ""1_Organize_Hucum"", ""phase_name"": ""Organize Hücum (Yerleşik oyun)""}",,,MISSING
HP.SB.right_flank_attacks_with_shots,sportsbase_label,"Right flank attacks with shots, %",1_Organize_Hucum,Organize Hücum (Yerleşik oyun),skill,event_or_matchstats,Maç başına ortalama,higher_is_better,Şut girişimi; kaleyi bulan/bulmayan ve konum/kalite kırılımlarıyla alt ayrımlanabilir.,,"{""phase_id"": ""1_Organize_Hucum"", ""phase_name"": ""Organize Hücum (Yerleşik oyun)""}",,,OK
HP.SB.set_hucumlari,sportsbase_label,Set Hücumları,3_DuranTop_Hucum,Duran Top Hücumu,intent,event_or_matchstats,Maç başına ortalama,higher_is_better,,,"{""phase_id"": ""3_DuranTop_Hucum"", ""phase_name"": ""Duran Top Hücumu""}",,,MISSING
HP.SB.sutla_biten_set_hucumlari,sportsbase_label,Şutla biten set hücumları,3_DuranTop_Hucum,Duran Top Hücumu,intent,event_or_matchstats,Maç başına ortalama,higher_is_better,,,"{""phase_id"": ""3_DuranTop_Hucum"", ""phase_name"": ""Duran Top Hücumu""}",,,MISSING
HP.SB.positional_attacks_with_shots,sportsbase_label,"Positional attacks with shots, %",1_Organize_Hucum,Organize Hücum (Yerleşik oyun),skill,event_or_matchstats,Maç başına ortalama,higher_is_better,Şut girişimi; kaleyi bulan/bulmayan ve konum/kalite kırılımlarıyla alt ayrımlanabilir.,,"{""phase_id"": ""1_Organize_Hucum"", ""phase_name"": ""Organize Hücum (Yerleşik oyun)""}",,,OK
HP.SB.kontra_ataklar,sportsbase_label,Kontra Ataklar,2_Hucum_Gecisi,Hücum Geçişi (Kontra / hızlı çıkış),intent,event_or_matchstats,Maç başına ortalama,higher_is_better,Top kazanımından sonra hızlı hücum girişimleri (tanım sağlayıcıya göre süre/şart içerir).,,"{""phase_id"": ""2_Hucum_Gecisi"", ""phase_name"": ""Hücum Geçişi (Kontra / hızlı çıkış)""}",,https://support.hudl.com/s/article/live-data-glossary,OK
HP.SB.sutla_biten_kontra_ataklar,sportsbase_label,Şutla biten kontra ataklar,2_Hucum_Gecisi,Hücum Geçişi (Kontra / hızlı çıkış),intent,event_or_matchstats,Maç başına ortalama,higher_is_better,Kontra atakların şutla sonuçlanan kısmı.,,"{""phase_id"": ""2_Hucum_Gecisi"", ""phase_name"": ""Hücum Geçişi (Kontra / hızlı çıkış)""}",,https://support.hudl.com/s/article/live-data-glossary,OK
HP.SB.counter_attacks_with_shots,sportsbase_label,"Counter-attacks with shots, %",2_Hucum_Gecisi,Hücum Geçişi (Kontra / hızlı çıkış),skill,event_or_matchstats,Maç başına ortalama,higher_is_better,Şut girişimi; kaleyi bulan/bulmayan ve konum/kalite kırılımlarıyla alt ayrımlanabilir.,,"{""phase_id"": ""2_Hucum_Gecisi"", ""phase_name"": ""Hücum Geçişi (Kontra / hızlı çıkış)""}",,,OK
HP.SB.duran_top_hucumlari,sportsbase_label,Duran Top Hücumları,1_Organize_Hucum,Organize Hücum (Yerleşik oyun),intent,event_or_matchstats,Maç başına ortalama,higher_is_better,,,"{""phase_id"": ""1_Organize_Hucum"", ""phase_name"": ""Organize Hücum (Yerleşik oyun)""}",,,MISSING
HP.SB.sutla_biten_hucumlar_duran_toplar,sportsbase_label,Şutla biten hücumlar - duran toplar,1_Organize_Hucum,Organize Hücum (Yerleşik oyun),intent,event_or_matchstats,Maç başına ortalama,higher_is_better,,,"{""phase_id"": ""1_Organize_Hucum"", ""phase_name"": ""Organize Hücum (Yerleşik oyun)""}",,,MISSING
HP.SB.set_piece_attacks_with_shots,sportsbase_label,"Set-piece attacks with shots, %",3_DuranTop_Hucum,Duran Top Hücumu,skill,event_or_matchstats,Maç başına ortalama,higher_is_better,Şut girişimi; kaleyi bulan/bulmayan ve konum/kalite kırılımlarıyla alt ayrımlanabilir.,,"{""phase_id"": ""3_DuranTop_Hucum"", ""phase_name"": ""Duran Top Hücumu""}",,,OK
HP.SB.serbest_vurus_hucumlari,sportsbase_label,Serbest Vuruş hücumları,3_DuranTop_Hucum,Duran Top Hücumu,intent,event_or_matchstats,Maç başına ortalama,higher_is_better,,,"{""phase_id"": ""3_DuranTop_Hucum"", ""phase_name"": ""Duran Top Hücumu""}",,,MISSING
HP.SB.sutla_biten_serbest_vuruslar,sportsbase_label,Şutla biten serbest vuruşlar,3_DuranTop_Hucum,Duran Top Hücumu,intent,event_or_matchstats,Maç başına ortalama,higher_is_better,,,"{""phase_id"": ""3_DuranTop_Hucum"", ""phase_name"": ""Duran Top Hücumu""}",,,MISSING
HP.SB.free_kick_attacks_with_shots,sportsbase_label,"Free-kick attacks with shots, %",1_Organize_Hucum,Organize Hücum (Yerleşik oyun),skill,event_or_matchstats,Maç başına ortalama,higher_is_better,Şut girişimi; kaleyi bulan/bulmayan ve konum/kalite kırılımlarıyla alt ayrımlanabilir.,,"{""phase_id"": ""1_Organize_Hucum"", ""phase_name"": ""Organize Hücum (Yerleşik oyun)""}",,,OK
HP.SB.korner_hucumlari,sportsbase_label,Korner Hücumları,3_DuranTop_Hucum,Duran Top Hücumu,intent,event_or_matchstats,Maç başına ortalama,higher_is_better,,,"{""phase_id"": ""3_DuranTop_Hucum"", ""phase_name"": ""Duran Top Hücumu""}",,,MISSING
HP.SB.sutla_bitirilen_kornerler,sportsbase_label,Şutla bitirilen kornerler,3_DuranTop_Hucum,Duran Top Hücumu,intent,event_or_matchstats,Maç başına ortalama,higher_is_better,,,"{""phase_id"": ""3_DuranTop_Hucum"", ""phase_name"": ""Duran Top Hücumu""}",,,MISSING
HP.SB.corner_attacks_with_shots,sportsbase_label,"Corner attacks with shots, %",3_DuranTop_Hucum,Duran Top Hücumu,skill,event_or_matchstats,Maç başına ortalama,higher_is_better,Korner kullanımı veya korner kaynaklı aksiyon sayımı (tanım alt kırılımlara bağlıdır).,,"{""phase_id"": ""3_DuranTop_Hucum"", ""phase_name"": ""Duran Top Hücumu""}",,,OK
HP.SB.tac_atislari,sportsbase_label,Taç atışları,3_DuranTop_Hucum,Duran Top Hücumu,intent,event_or_matchstats,Maç başına ortalama,higher_is_better,,,"{""phase_id"": ""3_DuranTop_Hucum"", ""phase_name"": ""Duran Top Hücumu""}",,,MISSING
HP.SB.sutla_bitirilen_tac_atislari,sportsbase_label,Şutla bitirilen taç atışları,3_DuranTop_Hucum,Duran Top Hücumu,intent,event_or_matchstats,Maç başına ortalama,higher_is_better,,,"{""phase_id"": ""3_DuranTop_Hucum"", ""phase_name"": ""Duran Top Hücumu""}",,,MISSING
HP.SB.throw_in_attacks_with_shots,sportsbase_label,"Throw-in attacks with shots, %",3_DuranTop_Hucum,Duran Top Hücumu,skill,event_or_matchstats,Maç başına ortalama,higher_is_better,Şut girişimi; kaleyi bulan/bulmayan ve konum/kalite kırılımlarıyla alt ayrımlanabilir.,,"{""phase_id"": ""3_DuranTop_Hucum"", ""phase_name"": ""Duran Top Hücumu""}",,,OK
HP.SB.serbest_vurus_sutlari,sportsbase_label,Serbest Vuruş Şutları,3_DuranTop_Hucum,Duran Top Hücumu,intent,event_or_matchstats,Maç başına ortalama,higher_is_better,,,"{""phase_id"": ""3_DuranTop_Hucum"", ""phase_name"": ""Duran Top Hücumu""}",,,MISSING
HP.SB.goller_serbest_vurus_hucumu,sportsbase_label,Goller - Serbest vuruş hücumu,3_DuranTop_Hucum,Duran Top Hücumu,reward,event_or_matchstats,Maç başına ortalama,higher_is_better,,,"{""phase_id"": ""3_DuranTop_Hucum"", ""phase_name"": ""Duran Top Hücumu""}",,,MISSING
HP.SB.free_kick_opponent_s_goals,sportsbase_label,"Free-kick opponent's goals, %",1_Organize_Hucum,Organize Hücum (Yerleşik oyun),reward,event_or_matchstats,Maç başına ortalama,higher_is_better,,,"{""phase_id"": ""1_Organize_Hucum"", ""phase_name"": ""Organize Hücum (Yerleşik oyun)""}",,,MISSING
HP.SB.penalti,sportsbase_label,Penaltı,1_Organize_Hucum,Organize Hücum (Yerleşik oyun),intent,event_or_matchstats,Maç başına ortalama,higher_is_better,,,"{""phase_id"": ""1_Organize_Hucum"", ""phase_name"": ""Organize Hücum (Yerleşik oyun)""}",,,MISSING
HP.SB.penalti_golleri,sportsbase_label,Penaltı golleri,1_Organize_Hucum,Organize Hücum (Yerleşik oyun),reward,event_or_matchstats,Maç başına ortalama,higher_is_better,,,"{""phase_id"": ""1_Organize_Hucum"", ""phase_name"": ""Organize Hücum (Yerleşik oyun)""}",,,MISSING
HP.SB.penalti_golleri,sportsbase_label,"Penaltı golleri, %",1_Organize_Hucum,Organize Hücum (Yerleşik oyun),reward,event_or_matchstats,Maç başına ortalama,higher_is_better,,,"{""phase_id"": ""1_Organize_Hucum"", ""phase_name"": ""Organize Hücum (Yerleşik oyun)""}",,,MISSING
HP.SB.goal_kicks_short_15_m,sportsbase_label,Goal kicks short (<15 m.),1_Organize_Hucum,Organize Hücum (Yerleşik oyun),intent,event_or_matchstats,Maç başına ortalama,higher_is_better,,,"{""phase_id"": ""1_Organize_Hucum"", ""phase_name"": ""Organize Hücum (Yerleşik oyun)""}",,,MISSING
HP.SB.goal_kicks_short_15_m_accurate,sportsbase_label,Goal kicks short (<15 m.) accurate,1_Organize_Hucum,Organize Hücum (Yerleşik oyun),skill,event_or_matchstats,Maç başına ortalama,higher_is_better,,,"{""phase_id"": ""1_Organize_Hucum"", ""phase_name"": ""Organize Hücum (Yerleşik oyun)""}",,,MISSING
HP.SB.goal_kicks_short_15_m_accurate,sportsbase_label,"Goal kicks short (<15 m.) accurate, %",1_Organize_Hucum,Organize Hücum (Yerleşik oyun),skill,event_or_matchstats,Maç başına ortalama,higher_is_better,,,"{""phase_id"": ""1_Organize_Hucum"", ""phase_name"": ""Organize Hücum (Yerleşik oyun)""}",,,MISSING
HP.SB.goal_kicks_medium_15_40_m,sportsbase_label,Goal kicks medium (15-40 m.),1_Organize_Hucum,Organize Hücum (Yerleşik oyun),intent,event_or_matchstats,Maç başına ortalama,higher_is_better,,,"{""phase_id"": ""1_Organize_Hucum"", ""phase_name"": ""Organize Hücum (Yerleşik oyun)""}",,,MISSING
HP.SB.goal_kicks_medium_15_40_m_accurate,sportsbase_label,Goal kicks medium (15-40 m.) accurate,1_Organize_Hucum,Organize Hücum (Yerleşik oyun),skill,event_or_matchstats,Maç başına ortalama,higher_is_better,,,"{""phase_id"": ""1_Organize_Hucum"", ""phase_name"": ""Organize Hücum (Yerleşik oyun)""}",,,MISSING
HP.SB.goal_kicks_medium_15_40_m_accurate,sportsbase_label,"Goal kicks medium (15-40 m.) accurate, %",1_Organize_Hucum,Organize Hücum (Yerleşik oyun),skill,event_or_matchstats,Maç başına ortalama,higher_is_better,,,"{""phase_id"": ""1_Organize_Hucum"", ""phase_name"": ""Organize Hücum (Yerleşik oyun)""}",,,MISSING
HP.SB.goal_kicks_long_40_m,sportsbase_label,Goal kicks long (40+ m.),1_Organize_Hucum,Organize Hücum (Yerleşik oyun),intent,event_or_matchstats,Maç başına ortalama,higher_is_better,,,"{""phase_id"": ""1_Organize_Hucum"", ""phase_name"": ""Organize Hücum (Yerleşik oyun)""}",,,MISSING
HP.SB.goal_kicks_long_40_m_accurate,sportsbase_label,Goal kicks long (40+ m.) accurate,1_Organize_Hucum,Organize Hücum (Yerleşik oyun),skill,event_or_matchstats,Maç başına ortalama,higher_is_better,,,"{""phase_id"": ""1_Organize_Hucum"", ""phase_name"": ""Organize Hücum (Yerleşik oyun)""}",,,MISSING
HP.SB.goal_kicks_long_40_m_accurate,sportsbase_label,"Goal kicks long (40+ m.) accurate, %",1_Organize_Hucum,Organize Hücum (Yerleşik oyun),skill,event_or_matchstats,Maç başına ortalama,higher_is_better,,,"{""phase_id"": ""1_Organize_Hucum"", ""phase_name"": ""Organize Hücum (Yerleşik oyun)""}",,,MISSING
